id;ponudjac;kontakt;adresa;grad;telefon;email;postanskibroj;pib;fax;web
1;Generic;Consultant solid state Pa'anga;Practical Cotton Chair incentivize;sensor multi-state;attitude Iraqi Dinar;Arnoldo.Hickle@yahoo.com;Directives bypassing;Shoes bypassing Table;multi-tasking overriding concept;indexing 24/7
2;Clothing;Towels SMS;Health;Cambridgeshire Fresh invoice;Agent;Beatrice_Green@hotmail.com;Unbranded Metal Pizza implementation networks;International;Configuration;Berkshire
3;Balboa US Dollar pink;Cheese;instruction set;Junctions Tasty;structure Reduced Home Loan Account;Coty_Yundt46@gmail.com;plug-and-play concept cross-platform;Personal Loan Account optical;Sleek;quantify pink Shirt
4;Credit Card Account Personal Loan Account;Rwanda Franc Money Market Account;Steel Solutions 1080p;driver Berkshire;Refined Plastic Pizza;Lonzo.Schaden75@gmail.com;Movies program recontextualize;Bedfordshire Investment Account;feed Rwanda Franc;compressing Netherlands Antillian Guilder SMTP
5;New Mexico;1080p Avon Buckinghamshire;customized;Italy Avon Metal;Mission;Grant27@gmail.com;cross-platform Administrator Personal Loan Account;Response fuchsia;Analyst Bedfordshire;Metal Oklahoma
6;revolutionary mobile;open-source Function-based;fuchsia THX;Savings Account Designer grey;Manager experiences Concrete;Zackary66@gmail.com;Rustic Concrete Soap Berkshire revolutionize;Corner deposit;input Kansas deposit;24/365
7;mint green;teal content invoice;JBOD high-level;GB Fantastic;instruction set Home Loan Account;Patricia.Harvey16@gmail.com;ROI;Outdoors;next-generation;RSS system-worthy bus
8;demand-driven;synthesizing connect Bike;explicit Cloned;Oklahoma;Central;Uriah_Becker54@gmail.com;California Optimization;Home Loan Account bi-directional quantify;Sports extensible Handmade Cotton Chips;infomediaries
9;Personal Loan Account;panel;application;Handcrafted Future deposit;Customer feed;Anthony_Wolff40@hotmail.com;Credit Card Account Generic Soft Hat;Shirt panel Web;mobile multi-byte;AGP
10;Practical deposit French Polynesia;North Carolina Togo;circuit Internal;Islands Officer;Fresh Fantastic invoice;Ruth.Brekke@yahoo.com;Brazilian Real deploy Operations;Maine;Bedfordshire Integration;connect Future Fresh
